{"frames":{"Idle0.png":{"frame":{"x":0,"y":0,"w":64,"h":128},"rotated":false,"trimmed":false,"spriteSourceSize":{"x":0,"y":0,"w":64,"h":128},"sourceSize":{"w":64,"h":128}},"Idle1.png":{"frame":{"x":64,"y":0,"w":64,"h":128},"rotated":false,"trimmed":false,"spriteSourceSize":{"x":0,"y":0,"w":64,"h":128},"sourceSize":{"w":64,"h":128}},"Idle2.png":{"frame":{"x":128,"y":0,"w":64,"h":128},"rotated":false,"trimmed":false,"spriteSourceSize":{"x":0,"y":0,"w":64,"h":128},"sourceSize":{"w":64,"h":128}},"Idle3.png":{"frame":{"x":0,"y":128,"w":64,"h":128},"rotated":false,"trimmed":false,"spriteSourceSize":{"x":0,"y":0,"w":64,"h":128},"sourceSize":{"w":64,"h":128}}},"meta":{"app":"https://github.com/piskelapp/piskel/","version":"1.0","image":"Idle.png","format":"RGBA8888","size":{"w":192,"h":256}}}